{
  "_id": "607c9880-c50e-40b4-aea4-8c2f90b24df3",
  "aiPersonaId": "d5b4bae3-ec1a-4a59-9219-36eba2df2a80",
  "integrationId": "real-time-stock-analysis-3903",
  "name": "Workflow for Real Time Stock Analysis",
  "publisherAccountId": "47e7f2d9-85c3-42cf-8639-ad0c1fce4488",
  "reactflow": {
    "viewport": {
      "x": -2920.7464656652846,
      "y": 65.85496627529386,
      "zoom": 0.6661935486837718
    },
    "nodes": [
      {
        "id": "0",
        "type": "Start",
        "position": {
          "x": 360,
          "y": 400
        },
        "data": {},
        "deletable": false,
        "measured": {
          "width": 320,
          "height": 136
        },
        "selected": false
      },
      {
        "position": {
          "x": 840,
          "y": 420
        },
        "type": "Display",
        "id": "acbd1cba-2b01-474b-b5b0-90a9eddecb6e",
        "data": {},
        "measured": {
          "width": 298,
          "height": 78
        },
        "selected": false,
        "dragging": false
      },
      {
        "position": {
          "x": 1380,
          "y": 435
        },
        "type": "Prompt",
        "id": "1740407050193",
        "data": {},
        "measured": {
          "width": 260,
          "height": 78
        },
        "selected": false
      },
      {
        "position": {
          "x": 1779,
          "y": 267
        },
        "type": "Display",
        "id": "1740407354772",
        "data": {},
        "measured": {
          "width": 260,
          "height": 78
        },
        "selected": false,
        "dragging": false
      },
      {
        "position": {
          "x": 1779,
          "y": 635
        },
        "type": "APICall",
        "id": "1740407550852",
        "data": {},
        "measured": {
          "width": 276,
          "height": 78
        },
        "selected": false,
        "dragging": false
      },
      {
        "position": {
          "x": 2265,
          "y": 465
        },
        "type": "JSFunction",
        "id": "1740407918072",
        "data": {},
        "measured": {
          "width": 260,
          "height": 78
        },
        "selected": false
      },
      {
        "position": {
          "x": 2624,
          "y": 465
        },
        "type": "Input",
        "id": "1740408190461",
        "data": {},
        "measured": {
          "width": 260,
          "height": 78
        },
        "selected": false,
        "dragging": false
      },
      {
        "position": {
          "x": 3187.5479372157065,
          "y": 478.50958744314124
        },
        "type": "APICall",
        "id": "1740408360720",
        "data": {},
        "measured": {
          "width": 260,
          "height": 78
        },
        "selected": false,
        "dragging": false
      },
      {
        "position": {
          "x": 3674,
          "y": 465
        },
        "type": "APICall",
        "id": "1740408360720-1740408477578",
        "data": {},
        "measured": {
          "width": 260,
          "height": 78
        },
        "selected": false,
        "dragging": false
      },
      {
        "position": {
          "x": 4104,
          "y": 465
        },
        "type": "APICall",
        "id": "1740408360720-1740408708760",
        "data": {},
        "measured": {
          "width": 260,
          "height": 78
        },
        "selected": false,
        "dragging": false
      },
      {
        "position": {
          "x": 4576,
          "y": 465
        },
        "type": "APICall",
        "id": "1740408360720-1740408781669",
        "data": {},
        "measured": {
          "width": 260,
          "height": 78
        },
        "selected": false,
        "dragging": false
      },
      {
        "position": {
          "x": 5508.330234152644,
          "y": 465
        },
        "type": "Prompt",
        "id": "1740408820095",
        "data": {},
        "measured": {
          "width": 260,
          "height": 78
        },
        "selected": false,
        "dragging": false
      },
      {
        "position": {
          "x": 5945.780166394016,
          "y": 465
        },
        "type": "Display",
        "id": "1740409034011",
        "data": {},
        "measured": {
          "width": 260,
          "height": 78
        },
        "selected": false,
        "dragging": false
      },
      {
        "position": {
          "x": 3510,
          "y": 300
        },
        "type": "Loader",
        "id": "1740409451152",
        "data": {},
        "measured": {
          "width": 320,
          "height": 78
        },
        "selected": false
      },
      {
        "position": {
          "x": 4073,
          "y": 300
        },
        "type": "Loader",
        "id": "1740409451152-1740478817785",
        "data": {},
        "measured": {
          "width": 320,
          "height": 78
        },
        "selected": false,
        "dragging": false
      },
      {
        "position": {
          "x": 4545.504450664643,
          "y": 300
        },
        "type": "Loader",
        "id": "1740409451152-1740478817785-1740478843337",
        "data": {},
        "measured": {
          "width": 320,
          "height": 78
        },
        "selected": false,
        "dragging": false
      },
      {
        "position": {
          "x": 5042.157238715735,
          "y": 145.3902770396056
        },
        "type": "Loader",
        "id": "1740409451152-1740478817785-1740478887155",
        "data": {},
        "measured": {
          "width": 320,
          "height": 78
        },
        "selected": false,
        "dragging": false
      },
      {
        "position": {
          "x": 3004,
          "y": 309
        },
        "type": "Loader",
        "id": "1740409451152-1740479374911",
        "data": {},
        "measured": {
          "width": 320,
          "height": 78
        },
        "selected": false,
        "dragging": false
      },
      {
        "position": {
          "x": 4677.106689323728,
          "y": 106.24540012102652
        },
        "type": "APICall",
        "id": "1743152934297",
        "data": {},
        "measured": {
          "width": 260,
          "height": 78
        },
        "selected": false,
        "dragging": false
      },
      {
        "position": {
          "x": 5477.980825113717,
          "y": 300
        },
        "type": "Loader",
        "id": "1743159059515",
        "data": {},
        "measured": {
          "width": 320,
          "height": 78
        },
        "selected": false,
        "dragging": false
      }
    ],
    "edges": [
      {
        "id": "0-0",
        "type": "Start",
        "source": "0",
        "target": "acbd1cba-2b01-474b-b5b0-90a9eddecb6e",
        "sourceHandle": "0-source-1",
        "selected": false
      },
      {
        "type": "Transition",
        "id": "acbd1cba-2b01-474b-b5b0-90a9eddecb6e-1740407050193",
        "source": "acbd1cba-2b01-474b-b5b0-90a9eddecb6e",
        "target": "1740407050193",
        "markerEnd": {
          "type": "arrowclosed",
          "width": 22,
          "height": 22
        },
        "sourceHandle": "acbd1cba-2b01-474b-b5b0-90a9eddecb6e-source-1",
        "targetHandle": "1740407050193-target-1",
        "selected": false
      },
      {
        "type": "Transition",
        "id": "1740407050193-1740407354772",
        "source": "1740407050193",
        "target": "1740407354772",
        "markerEnd": {
          "type": "arrowclosed",
          "width": 22,
          "height": 22
        },
        "sourceHandle": "1740407050193-source-1",
        "targetHandle": "1740407354772-target-1",
        "selected": false
      },
      {
        "type": "Transition",
        "id": "1740407050193-1740407550852",
        "source": "1740407050193",
        "target": "1740407550852",
        "markerEnd": {
          "type": "arrowclosed",
          "width": 22,
          "height": 22
        },
        "sourceHandle": "1740407050193-source-1",
        "targetHandle": "1740407550852-target-1",
        "selected": false
      },
      {
        "type": "Transition",
        "id": "1740407550852-1740407918072",
        "source": "1740407550852",
        "target": "1740407918072",
        "markerEnd": {
          "type": "arrowclosed",
          "width": 22,
          "height": 22
        },
        "sourceHandle": "1740407550852-source-1",
        "targetHandle": "1740407918072-target-1",
        "selected": false
      },
      {
        "type": "Transition",
        "id": "1740407918072-1740408190461",
        "source": "1740407918072",
        "target": "1740408190461",
        "markerEnd": {
          "type": "arrowclosed",
          "width": 22,
          "height": 22
        },
        "sourceHandle": "1740407918072-source-1",
        "targetHandle": "1740408190461-target-1",
        "selected": false
      },
      {
        "type": "Transition",
        "markerEnd": {
          "type": "arrowclosed",
          "width": 22,
          "height": 22
        },
        "source": "1740408190461",
        "target": "1740409451152-1740479374911",
        "sourceHandle": "1740408190461-source-1",
        "targetHandle": "1740409451152-1740479374911-target-1",
        "selected": false,
        "id": "xy-edge__17404081904611740408190461-source-1-1740409451152-17404793749111740409451152-1740479374911-target-1"
      },
      {
        "type": "Transition",
        "markerEnd": {
          "type": "arrowclosed",
          "width": 22,
          "height": 22
        },
        "source": "1740408360720",
        "target": "1740409451152",
        "sourceHandle": "1740408360720-source-1",
        "targetHandle": "1740409451152-target-1",
        "selected": false,
        "id": "xy-edge__17404083607201740408360720-source-1-17404094511521740409451152-target-1"
      },
      {
        "type": "Transition",
        "markerEnd": {
          "type": "arrowclosed",
          "width": 22,
          "height": 22
        },
        "source": "1740408360720-1740408477578",
        "target": "1740409451152-1740478817785",
        "sourceHandle": "1740408360720-1740408477578-source-1",
        "targetHandle": "1740409451152-1740478817785-target-1",
        "selected": false,
        "id": "xy-edge__1740408360720-17404084775781740408360720-1740408477578-source-1-1740409451152-17404788177851740409451152-1740478817785-target-1"
      },
      {
        "type": "Transition",
        "markerEnd": {
          "type": "arrowclosed",
          "width": 22,
          "height": 22
        },
        "source": "1740408360720-1740408708760",
        "target": "1740409451152-1740478817785-1740478843337",
        "sourceHandle": "1740408360720-1740408708760-source-1",
        "targetHandle": "1740409451152-1740478817785-1740478843337-target-1",
        "selected": false,
        "id": "xy-edge__1740408360720-17404087087601740408360720-1740408708760-source-1-1740409451152-1740478817785-17404788433371740409451152-1740478817785-1740478843337-target-1"
      },
      {
        "type": "Transition",
        "id": "1740408820095-1740409034011",
        "source": "1740408820095",
        "target": "1740409034011",
        "markerEnd": {
          "type": "arrowclosed",
          "width": 22,
          "height": 22
        },
        "sourceHandle": "1740408820095-source-1",
        "targetHandle": "1740409034011-target-1",
        "selected": false
      },
      {
        "type": "Transition",
        "id": "1740409451152-1740408360720-1740408477578",
        "source": "1740409451152",
        "target": "1740408360720-1740408477578",
        "markerEnd": {
          "type": "arrowclosed",
          "width": 22,
          "height": 22
        },
        "sourceHandle": "1740409451152-source-3",
        "targetHandle": "1740408360720-1740408477578-target-2",
        "selected": false
      },
      {
        "type": "Transition",
        "id": "1740409451152-1740478817785-1740408360720-1740408708760",
        "source": "1740409451152-1740478817785",
        "target": "1740408360720-1740408708760",
        "markerEnd": {
          "type": "arrowclosed",
          "width": 22,
          "height": 22
        },
        "sourceHandle": "1740409451152-1740478817785-source-3",
        "targetHandle": "1740408360720-1740408708760-target-2",
        "selected": false
      },
      {
        "type": "Transition",
        "id": "1740409451152-1740478817785-1740478843337-1740408360720-1740408781669",
        "source": "1740409451152-1740478817785-1740478843337",
        "target": "1740408360720-1740408781669",
        "markerEnd": {
          "type": "arrowclosed",
          "width": 22,
          "height": 22
        },
        "sourceHandle": "1740409451152-1740478817785-1740478843337-source-3",
        "targetHandle": "1740408360720-1740408781669-target-2",
        "selected": false
      },
      {
        "type": "Transition",
        "id": "1740409451152-1740478817785-1740478887155-1743152934297",
        "source": "1740409451152-1740478817785-1740478887155",
        "target": "1743152934297",
        "markerEnd": {
          "type": "arrowclosed",
          "width": 22,
          "height": 22
        },
        "sourceHandle": "1740409451152-1740478817785-1740478887155-source-3",
        "targetHandle": "1743152934297-target-2",
        "selected": false
      },
      {
        "type": "Transition",
        "id": "1740409451152-1740479374911-1740408360720",
        "source": "1740409451152-1740479374911",
        "target": "1740408360720",
        "markerEnd": {
          "type": "arrowclosed",
          "width": 22,
          "height": 22
        },
        "sourceHandle": "1740409451152-1740479374911-source-3",
        "targetHandle": "1740408360720-target-2",
        "selected": false
      },
      {
        "type": "Transition",
        "id": "1743159059515-1740408820095",
        "source": "1743159059515",
        "target": "1740408820095",
        "markerEnd": {
          "type": "arrowclosed",
          "width": 22,
          "height": 22
        },
        "sourceHandle": "1743159059515-source-3",
        "targetHandle": "1740408820095-target-2",
        "selected": false
      },
      {
        "id": "1740408360720-1740408781669-1743159059515",
        "source": "1740408360720-1740408781669",
        "target": "1743159059515",
        "type": "Transition",
        "markerEnd": {
          "type": "arrowclosed",
          "width": 22,
          "height": 22
        },
        "sourceHandle": "1740408360720-1740408781669-source-1",
        "targetHandle": "1743159059515-target-1",
        "selected": false
      }
    ]
  },
  "startTaskId": "acbd1cba-2b01-474b-b5b0-90a9eddecb6e",
  "status": "Active",
  "tasks": [
    {
      "_id": "acbd1cba-2b01-474b-b5b0-90a9eddecb6e",
      "type": "Display",
      "config": {
        "description": "Display the response to the user",
        "name": "Display",
        "type": "text",
        "text": "<p>Hi , Please wait while we are processing your request</p>",
        "formatVariables": [],
        "rawText": ""
      },
      "transitions": [
        {
          "name": "Default",
          "_id": "acbd1cba-2b01-474b-b5b0-90a9eddecb6e-1740407050193",
          "nextTask": "1740407050193"
        }
      ]
    },
    {
      "_id": "1740407050193",
      "type": "Prompt",
      "config": {
        "description": "Prompt for LLM",
        "name": "Extract companyName",
        "modelId": "4cf651d9-edf3-455f-a22e-53cc67fcc07b",
        "responseFormat": "json",
        "systemPrompt": "Your task is to extract the company name from a user's query and return it in a JSON format. Ensure the response follows the structure below:\n\n{ \"companyName\": \"Extracted Company Name\" }\n\n\nFocus solely on identifying and returning company names. Ignore any queries that do not pertain to this task.\n\nIf you dont find any company in the user query , your response should include\n{ \"companyNotFound\": true }",
        "query": "$agent.query",
        "temperature": 0,
        "base64DocumentData": "",
        "documentIds": ""
      },
      "transitions": [
        {
          "name": "error",
          "rules": [
            {
              "type": "any",
              "path": "$output.error",
              "operator": "exists",
              "value": ""
            }
          ],
          "clause": "And",
          "_id": "1740407050193-1740407354772",
          "nextTask": "1740407354772"
        },
        {
          "name": "Default",
          "rules": [
            {
              "type": "any",
              "path": "$output.error",
              "operator": "notExists",
              "value": ""
            }
          ],
          "clause": "And",
          "_id": "1740407050193-1740407550852",
          "nextTask": "1740407550852"
        }
      ]
    },
    {
      "_id": "1740407354772",
      "type": "Display",
      "config": {
        "description": "Show data",
        "name": "Handle Error",
        "formatVariables": [],
        "type": "text",
        "text": "<p><span class=\"text-inherit p-0 m-0 text-primary-dark bg-primary-light/80\" data-type=\"mention\" data-id=\"input.error\">$input.error</span>  occurred while executing workflow</p>"
      },
      "transitions": []
    },
    {
      "_id": "1740407550852",
      "type": "APICall",
      "config": {
        "description": "Make an API call",
        "name": "Fetch All companies options",
        "url": "https://www.alphavantage.co/query",
        "dataFormat": "raw",
        "rawDataFormatType": "text",
        "headers": [],
        "params": [
          {
            "key": "function",
            "value": "SYMBOL_SEARCH"
          },
          {
            "key": "apikey",
            "value": "$secret.ALPHA_VANTAGE"
          },
          {
            "key": "keywords",
            "value": "$input.content.companyName"
          }
        ],
        "method": "GET",
        "data": ""
      },
      "transitions": [
        {
          "name": "Default",
          "_id": "1740407550852-1740407918072",
          "nextTask": "1740407918072"
        }
      ]
    },
    {
      "_id": "1740407918072",
      "type": "JSFunction",
      "config": {
        "description": "Execute JavaScript code",
        "name": "Format Options for input",
        "snippetId": "70efd66b-dfac-4a76-bde2-80b417360519"
      },
      "transitions": [
        {
          "name": "Default",
          "_id": "1740407918072-1740408190461",
          "nextTask": "1740408190461"
        }
      ]
    },
    {
      "_id": "1740408190461",
      "type": "Input",
      "config": {
        "description": "Take user input",
        "name": "Input",
        "type": "string"
      },
      "transitions": [
        {
          "name": "Default",
          "_id": "xy-edge__17404081904611740408190461-source-1-1740409451152-17404793749111740409451152-1740479374911-target-1",
          "nextTask": "1740409451152-1740479374911"
        }
      ],
      "globalVariables": [
        {
          "name": "selectedStock",
          "referencePath": "$output.userInput"
        }
      ]
    },
    {
      "_id": "1740408360720",
      "type": "APICall",
      "config": {
        "description": "Make an API call",
        "name": "Stock Overview",
        "url": "https://www.alphavantage.co/query",
        "dataFormat": "raw",
        "rawDataFormatType": "text",
        "headers": [],
        "params": [
          {
            "key": "function",
            "value": "OVERVIEW"
          },
          {
            "key": "symbol",
            "value": "$agent.selectedStock"
          },
          {
            "key": "apikey",
            "value": "$secret.API_SECRET"
          }
        ],
        "method": "GET",
        "data": ""
      },
      "transitions": [
        {
          "name": "Default",
          "_id": "xy-edge__17404083607201740408360720-source-1-17404094511521740409451152-target-1",
          "nextTask": "1740409451152"
        }
      ],
      "globalVariables": [
        {
          "name": "overviewData",
          "referencePath": "$output.data"
        }
      ]
    },
    {
      "_id": "1740408360720-1740408477578",
      "type": "APICall",
      "config": {
        "description": "Make an API call",
        "name": "Balance Sheet data",
        "url": "https://www.alphavantage.co/query",
        "dataFormat": "raw",
        "rawDataFormatType": "text",
        "headers": [],
        "params": [
          {
            "key": "function",
            "value": "BALANCE_SHEET"
          },
          {
            "key": "symbol",
            "value": "$agent.selectedStock"
          },
          {
            "key": "apikey",
            "value": "$secret.API_SECRET"
          }
        ],
        "method": "GET",
        "data": ""
      },
      "transitions": [
        {
          "name": "Default",
          "_id": "xy-edge__1740408360720-17404084775781740408360720-1740408477578-source-1-1740409451152-17404788177851740409451152-1740478817785-target-1",
          "nextTask": "1740409451152-1740478817785"
        }
      ],
      "globalVariables": [
        {
          "name": "overviewData",
          "referencePath": "$output.data"
        }
      ]
    },
    {
      "_id": "1740408360720-1740408708760",
      "type": "APICall",
      "config": {
        "description": "Make an API call",
        "name": "Income Statement data",
        "url": "https://www.alphavantage.co/query",
        "dataFormat": "raw",
        "rawDataFormatType": "text",
        "headers": [],
        "params": [
          {
            "key": "function",
            "value": "INCOME_STATEMENT"
          },
          {
            "key": "symbol",
            "value": "$agent.selectedStock"
          },
          {
            "key": "apikey",
            "value": "$secret.API_SECRET"
          }
        ],
        "method": "GET",
        "data": ""
      },
      "transitions": [
        {
          "name": "Default",
          "_id": "xy-edge__1740408360720-17404087087601740408360720-1740408708760-source-1-1740409451152-1740478817785-17404788433371740409451152-1740478817785-1740478843337-target-1",
          "nextTask": "1740409451152-1740478817785-1740478843337"
        }
      ],
      "globalVariables": [
        {
          "name": "incomeStatementData",
          "referencePath": "$output.data"
        }
      ]
    },
    {
      "_id": "1740408360720-1740408781669",
      "type": "APICall",
      "config": {
        "description": "Make an API call",
        "name": "Cash flow data",
        "url": "https://www.alphavantage.co/query",
        "dataFormat": "raw",
        "rawDataFormatType": "text",
        "headers": [],
        "params": [
          {
            "key": "function",
            "value": "CASH_FLOW"
          },
          {
            "key": "symbol",
            "value": "$agent.selectedStock"
          },
          {
            "key": "apikey",
            "value": "$secret.API_SECRET"
          }
        ],
        "method": "GET",
        "data": ""
      },
      "transitions": [
        {
          "name": "Default",
          "_id": "1740408360720-1740408781669-1743159059515",
          "nextTask": "1743159059515"
        }
      ],
      "globalVariables": [
        {
          "name": "cashFlowData",
          "referencePath": "$output.data"
        }
      ]
    },
    {
      "_id": "1740408820095",
      "type": "Prompt",
      "config": {
        "description": "Prompt for LLM",
        "name": "Prompt",
        "modelId": "56feb720-adb7-464a-8e6b-fd79a510ba5b",
        "responseFormat": "json",
        "systemPrompt": "You are a helpful assistant to a financial advisor. Your task is to generate an insightful, clear, and accurate report related to company financial health using the data provided to you within 300 to 500 words. Use your expertise in the financial industry to enhance the analysis, referencing benchmarks  or standard financial data when relevant, to create a report that is both insightful and practical.\nData provided to you contains financial data of company including \n- Company Overview (Fundamentals, P/E Ratio, Market Cap, Dividend Yield, Profit Margin, Debt-to-Equity, etc.)\n- Balance Sheet (Assets, Liabilities, Cash Reserves, Debt)\n- Income Statement (Revenue, Net Income, Gross Profit, Operating Expenses, Earnings Per Share)\n- Cash Flow Statement (Operating Cash Flow, Free Cash Flow, Capital Expenditures)\n- Stock Price & Moving Averages (For trend analysis)\ncompany overview, balance sheet, cash flow statement,  use your knowledge of the wealth and finance industry to interpret the data in the most accurate way. \nUse your knowledge of NASDAQ and other stock exchanges to interpret ticker symbols, operating sector and other general information of the securities.\nThe report must include a mix of summaries and charts, presented in an engaging and professional format. \nFor summaries:\nStructure the text beautifully using appropriate formatting such as bold text for emphasis, bullet points, and numbered lists where necessary.\nEnsure the content is easy to read and conveys the message effectively without including HTML.\nFor charts:\nGenerate a valid Chart.js version 4 configuration.\nUse solid colors for chart aesthetics.\nAssume the unit of money is always USD($) while generating labels of portfolio value, total value, unrealized values, etc.\nRespond precisely to the user's query without making assumptions. Use the data and instructions provided in the query to determine the chart type, labels, datasets, and options.\nDo not apply additional logic or assumptions about the user's intent beyond the instructions provided. \nThe final output must be a valid JSON object with the following structure:\nAn object containing two keys: \"label\" (the title of the report) and \"reportData\" (an array of objects).\nEach object in reportData must be either:\nA summary in the format: {type: \"summary\", content: <rich-text-content>}.\nA chart in the format: {type: \"chart\", chartLabel: <chart-title-label>, content: <chart-js-config>}.\nIt is a mandatory, non-negotiable and hard requirement that the JSON output must contain keys as “label” and “reportData” only. These keys are mandatory and case-sensitive. Any discrepancy or deviation in key names or configurations results in validation error, which is not acceptable in any case. \n\nPresentation Order:\nAlternate between summaries and charts for readability (e.g., summary, chart, summary, chart, conclusion summary). Avoid placing two charts consecutively.\nAdditional Notes:\n\nIf the required data is unavailable, do not attempt to generate a generic response. Instead, politely and concisely state: 'The necessary data is not available to answer your query.' \nDo not request additional data or provide speculative answers.\n\nStrict Requirements:\nUse bullet points,  medium headings, bold text and normal text for emphasis and clarity.\nCharts must align with Chart.js version 4 specifications and use solid colors.\nThe output must be valid JSON, with no additional commentary or explanation outside the JSON structure.\nDo not modify the provided data while generating the chart output. You must present the data as it is and always ensure that the number of labels and data points generated always match. It is strictly unacceptable to generate that chart representation which does not match with the provided data.\nLabels of the generated charts must be derived from data, representing sensible and human-readable names (like - names of stock symbols, security assets, master assets class, etc). \nIt is a mandatory, non-negotiable and hard requirement for you to generate a valid output for each query.\n\nData:\n- Company Overview - $agent.overviewData\n- Balance Sheet - $agent.balanceSheetData\n- Cash Flow Statement - $agent.cashFlowData",
        "query": "Generate a summary in required format",
        "temperature": 0,
        "base64DocumentData": "",
        "documentIds": ""
      },
      "transitions": [
        {
          "name": "Default",
          "_id": "1740408820095-1740409034011",
          "nextTask": "1740409034011"
        }
      ]
    },
    {
      "_id": "1740409034011",
      "type": "Display",
      "config": {
        "description": "Show data",
        "name": "Display (1)",
        "type": "reportSummary",
        "formatVariables": [],
        "label": "$input.content.label",
        "summaryContent": "$input.content.reportData",
        "text": "",
        "rawText": ""
      },
      "transitions": []
    },
    {
      "_id": "1740409451152",
      "type": "Loader",
      "config": {
        "description": "Show loading messages in conversation",
        "name": "Loader",
        "text": "Fetching Balance Sheet data"
      },
      "transitions": [
        {
          "name": "Default",
          "_id": "1740409451152-1740408360720-1740408477578",
          "nextTask": "1740408360720-1740408477578"
        }
      ]
    },
    {
      "_id": "1740409451152-1740478817785",
      "type": "Loader",
      "config": {
        "description": "Show loading messages in conversation",
        "name": "Loader",
        "text": "Fetching Income Statements"
      },
      "transitions": [
        {
          "name": "Default",
          "_id": "1740409451152-1740478817785-1740408360720-1740408708760",
          "nextTask": "1740408360720-1740408708760"
        }
      ]
    },
    {
      "_id": "1740409451152-1740478817785-1740478843337",
      "type": "Loader",
      "config": {
        "description": "Show loading messages in conversation",
        "name": "Loader",
        "text": "Fetching Cash flow analysis Data"
      },
      "transitions": [
        {
          "name": "Default",
          "_id": "1740409451152-1740478817785-1740478843337-1740408360720-1740408781669",
          "nextTask": "1740408360720-1740408781669"
        }
      ]
    },
    {
      "_id": "1740409451152-1740478817785-1740478887155",
      "type": "Loader",
      "config": {
        "description": "Show loading messages in conversation",
        "name": "Loader",
        "text": "Collecting Relevant News around the Stock"
      },
      "transitions": [
        {
          "name": "Default",
          "_id": "1740409451152-1740478817785-1740478887155-1743152934297",
          "nextTask": "1743152934297"
        }
      ]
    },
    {
      "_id": "1740409451152-1740479374911",
      "type": "Loader",
      "config": {
        "description": "Show loading messages in conversation",
        "name": "Loader",
        "text": "Fetching Stock Overview"
      },
      "transitions": [
        {
          "name": "Default",
          "_id": "1740409451152-1740479374911-1740408360720",
          "nextTask": "1740408360720"
        }
      ]
    },
    {
      "_id": "1743152934297",
      "type": "APICall",
      "config": {
        "description": "Make an API call",
        "name": "News and Sentiments",
        "url": "https://www.alphavantage.co/query",
        "data": "",
        "dataFormat": "raw",
        "rawDataFormatType": "text",
        "headers": [],
        "params": [
          {
            "key": "function",
            "value": "NEWS_SENTIMENT"
          },
          {
            "key": "tickers",
            "value": "TSLA"
          },
          {
            "key": "apikey",
            "value": "$secret.ALPHA_VANTAGE"
          },
          {
            "key": "time_from",
            "value": "20240101T0130"
          }
        ],
        "method": "GET"
      },
      "transitions": [],
      "globalVariables": [
        {
          "name": "newsOutput",
          "referencePath": "$output.data"
        }
      ]
    },
    {
      "_id": "1743159059515",
      "type": "Loader",
      "config": {
        "description": "Show loading messages in conversation",
        "name": "Loader (5)",
        "text": "Generating Summary "
      },
      "transitions": [
        {
          "name": "Default",
          "_id": "1743159059515-1740408820095",
          "nextTask": "1740408820095"
        }
      ]
    }
  ],
  "type": "Conversational",
  "version": "latest"
}