{
  "_id": "70efd66b-dfac-4a76-bde2-80b417360519",
  "aiPersonaId": "d5b4bae3-ec1a-4a59-9219-36eba2df2a80",
  "code": "\n// Dropdown Input\n// const main = () => {\n//     const bestMatches = input?.data?.bestMatches || [];\n//     const options = bestMatches.map(match => ({\n//         label: match['2. name'],\n//         value: match['1. symbol']\n//     }))\n//     return { type: 'options', options}\n// };\n\n\n// Card Input\nconst main = () => {\n    let stocks = input?.data?.bestMatches || [];\n    stocks = Array.isArray(stocks) ? stocks : []\n\n    return {\n        options: stocks.map(s => ({\n            label: s[\"2. name\"], value: s[\"1. symbol\"], subTitle: `${s[\"1. symbol\"]} | ${s[\"3. type\"]}`\n        })), \n        type : \"cardSelect\", subTitleField : \"subTitle\"\n    }\n    \n};\n\nmain()\n",
  "name": "Format Options for input",
  "status": "Active"
}